x_m,y_m,ux_m,uy_m,tx_kPa,ty_kPa
1.04166666666667E-02,0,3.15962254560124E-05,0,0,-4.26972191619068E-04
0.03125,0,9.47903642144534E-05,0,0,-8.88315208832786E-05
5.20833333333333E-02,0,1.57985000160441E-04,0,0,2.16395141334773E-04
7.29166666666667E-02,0,2.21179741959047E-04,0,0,1.63489910237773E-04
0.09375,0,2.84374398346918E-04,0,0,3.81480102075501E-05
0.114583333333333,0,3.47568931640869E-04,0,0,-1.05623796575219E-04
0.135416666666667,0,4.107634065288E-04,0,0,-1.50810746067512E-04
0.15625,0,4.73957920474343E-04,0,0,-7.07598796449375E-05
0.177083333333333,0,5.37152529886331E-04,0,0,9.3350474773911E-05
0.197916666666667,0,6.00347196696525E-04,0,0,2.35271076571994E-04
0.21875,0,6.63541783016983E-04,0,0,1.72942352386909E-04
0.239583333333333,0,7.26736120845033E-04,0,0,-4.85611974396753E-04
0.260416666666667,0,7.89930747952616E-04,0,0,5.3077208621227E-04
0.28125,0,8.53125531447029E-04,0,0,-2.68266963236533E-04
0.302083333333333,0,9.16319873184634E-04,0,0,-3.87536113164309E-04
0.322916666666667,0,9.79513935172186E-04,0,0,-1.96118951117253E-04
0.34375,0,1.04270796277463E-03,0,0,1.73832246612989E-04
0.364583333333333,0,1.10590215863932E-03,0,0,4.70167401180167E-04
0.385416666666667,0,1.16909661487499E-03,0,0,6.10316666188784E-04
0.40625,0,1.23229129700688E-03,0,0,4.28147948366867E-04
0.427083333333333,0,1.29548607033732E-03,0,0,2.91740181027424E-05
0.447916666666667,0,1.35868075708185E-03,0,0,-4.47916391117587E-04
0.46875,0,1.42187521096315E-03,0,0,-6.49064518443278E-04
0.489583333333333,0,1.48506939474178E-03,0,0,2.28469454089159E-05
0.510416666666667,0,1.54826343742578E-03,0,0,2.33057444263035E-05
0.53125,0,1.61145762011553E-03,0,0,-6.50137369497378E-04
0.552083333333333,0,1.67465207180627E-03,0,0,-4.50558696421166E-04
0.572916666666667,0,1.73784675522865E-03,0,0,2.73959342080625E-05
0.59375,0,1.80104152405356E-03,0,0,4.24701597272652E-04
0.614583333333333,0,1.86423620041315E-03,0,0,6.05102124167778E-04
0.635416666666667,0,1.92743064947921E-03,0,0,4.65564715593513E-04
0.65625,0,1.99062483657479E-03,0,0,1.67147325373658E-04
0.677083333333333,0,2.05381885349708E-03,0,0,-2.04796583614624E-04
0.697916666666667,0,2.11701290241525E-03,0,0,-3.96168983116862E-04
0.71875,0,2.18020722796336E-03,0,0,-2.80123392438675E-04
0.739583333333333,0,2.24340199103772E-03,0,0,5.14137165841907E-04
0.760416666666667,0,2.30659659181173E-03,0,0,-5.04960157111898E-04
0.78125,0,2.36979089492736E-03,0,0,1.44759555028626E-04
0.802083333333333,0,2.43298543452236E-03,0,0,1.99089097392283E-04
0.822916666666667,0,2.49618003748324E-03,0,0,4.25257172660653E-05
0.84375,0,2.55937455909675E-03,0,0,-1.37909444858706E-04
0.864583333333333,0,2.62256895308406E-03,0,0,-2.3313775468449E-04
0.885416666666667,0,2.6857632681903E-03,0,0,-2.05366762278686E-04
0.90625,0,2.74895760065624E-03,0,0,-4.46089027732653E-05
0.927083333333333,0,2.81215203522689E-03,0,0,1.86513139696987E-04
0.947916666666667,0,2.87534660917305E-03,0,0,3.73725419405189E-04
0.96875,0,2.93854133140654E-03,0,0,4.64072200784683E-04
0.989583333333333,0,3.00173628678876E-03,0,0,-4.95953019184689E-04
1,1.04166666666667E-02,3.03333201718941E-03,-1.35404760056919E-05,100,0
1,0.03125,3.03332986203152E-03,-4.0623529809878E-05,100,0
1,5.20833333333333E-02,3.03332994033016E-03,-6.77078653674053E-05,100,0
1,7.29166666666667E-02,3.03333200988482E-03,-9.47925877093214E-05,100,0
1,0.09375,3.03333468977831E-03,-1.21876675783891E-04,100,0
1,0.114583333333333,3.03333663223635E-03,-1.4895998676471E-04,100,0
1,0.135416666666667,3.0333369223135E-03,-1.7604237187833E-04,100,0
1,0.15625,3.03333528331865E-03,-2.03124607628178E-04,100,0
1,0.177083333333333,3.03333251747048E-03,-2.30207074763681E-04,100,0
1,0.197916666666667,3.03332983763404E-03,-2.57290417997518E-04,100,0
1,0.21875,3.03332903077871E-03,-2.84374602780427E-04,100,0
1,0.239583333333333,3.03333086267999E-03,-3.11459045283605E-04,100,0
1,0.260416666666667,3.03333285923527E-03,-3.38543166982422E-04,100,0
1,0.28125,3.03333340409452E-03,-3.65627166298909E-04,100,0
1,0.302083333333333,3.03333377857331E-03,-3.92710106361629E-04,100,0
1,0.322916666666667,3.03333371542697E-03,-4.19792280565674E-04,100,0
1,0.34375,3.03333323017744E-03,-4.46874470708996E-04,100,0
1,0.364583333333333,3.03333267357575E-03,-4.73957160972651E-04,100,0
1,0.385416666666667,3.03333228596086E-03,-5.01040675700176E-04,100,0
1,0.40625,3.03333242057252E-03,-0.000528124845679,100,0
1,0.427083333333333,3.03333297927767E-03,-5.55209275397823E-04,100,0
1,0.447916666666667,3.03333380852121E-03,-5.82293387620812E-04,100,0
1,0.46875,3.03333432934792E-03,-6.09376664533197E-04,100,0
1,0.489583333333333,3.03333413404052E-03,-6.36459100547319E-04,100,0
1,0.510416666666667,3.03333413364984E-03,-6.63541266337764E-04,100,0
1,0.53125,3.03333432531652E-03,-6.90623702543908E-04,100,0
1,0.552083333333333,3.03333380083842E-03,-7.17706979660026E-04,100,0
1,0.572916666666667,3.03333297093503E-03,-7.44791092334793E-04,100,0
1,0.59375,0.003033332408806,-7.71875522616082E-04,100,0
1,0.614583333333333,3.03333227074077E-03,-7.98959693101311E-04,100,0
1,0.635416666666667,3.03333265805059E-03,-8.26043208593995E-04,100,0
1,0.65625,3.03333321161878E-03,-8.53125899604021E-04,100,0
1,0.677083333333333,3.03333369376705E-03,-8.80208090254538E-04,100,0
1,0.697916666666667,3.03333375708433E-03,-9.07290265120307E-04,100,0
1,0.71875,3.0333333799205E-03,-9.34373205583512E-04,100,0
1,0.739583333333333,3.03333283211797E-03,-9.6145720467058E-04,100,0
1,0.760416666666667,3.03333083576477E-03,-9.88541325977823E-04,100,0
1,0.78125,3.03332900053244E-03,-1.01562576743768E-03,100,0
1,0.802083333333333,3.03332980297002E-03,-1.04270994996706E-03,100,0
1,0.822916666666667,3.03333248045144E-03,-1.0697932905267E-03,100,0
1,0.84375,3.03333523786606E-03,-1.09687575456737E-03,100,0
1,0.864583333333333,3.03333686467595E-03,-1.12395798722581E-03,100,0
1,0.885416666666667,3.0333365608466E-03,-1.15104037256232E-03,100,0
1,0.90625,3.03333459219985E-03,-1.17812369533053E-03,100,0
1,0.927083333333333,3.03333188380419E-03,-1.20520782083763E-03,100,0
1,0.947916666666667,3.03332979753691E-03,-1.23229262864758E-03,100,0
1,0.96875,3.03332976350496E-03,-1.25937722535152E-03,100,0
1,0.989583333333333,3.03333230117302E-03,-1.28646080981902E-03,100,0
0.989583333333333,1,3.00173692068944E-03,-1.30000100378408E-03,0,0
0.96875,1,2.9385416748634E-03,-1.29999995536764E-03,0,0
0.947916666666667,1,2.87534666186928E-03,-1.29999980261679E-03,0,0
0.927083333333333,1,2.81215195108856E-03,-1.30000005010678E-03,0,0
0.90625,1,2.74895746969145E-03,-1.30000040229811E-03,0,0
0.885416666666667,1,2.6857631585162E-03,-1.30000069742321E-03,0,0
0.864583333333333,1,2.62256892679863E-03,-1.30000079074323E-03,0,0
0.84375,1,2.55937458898997E-03,-1.30000066555403E-03,0,0
0.822916666666667,1,2.49618008868768E-03,-1.30000042738746E-03,0,0
0.802083333333333,1,2.43298542703766E-03,-1.30000023983218E-03,0,0
0.78125,1,2.36979082159032E-03,-1.30000033140423E-03,0,0
0.760416666666667,1,2.30659653041151E-03,-1.30000069659336E-03,0,0
0.739583333333333,1,2.24340191122394E-03,-1.30000024062346E-03,0,0
0.71875,1,2.18020716441305E-03,-1.3000007242854E-03,0,0
0.697916666666667,1,2.11701295858256E-03,-1.30000083714963E-03,0,0
0.677083333333333,1,2.0538190466417E-03,-1.30000047648106E-03,0,0
0.65625,1,1.99062501931805E-03,-1.29999987122462E-03,0,0
0.635416666666667,1,1.92743072703627E-03,-1.29999936463588E-03,0,0
0.614583333333333,1,1.86423605460618E-03,-1.29999920950437E-03,0,0
0.59375,1,1.8010411956483E-03,-1.29999958081797E-03,0,0
0.572916666666667,1,1.73784632778758E-03,-1.30000031182176E-03,0,0
0.552083333333333,1,1.67465172172294E-03,-1.30000111008856E-03,0,0
0.53125,1,1.61145749026464E-03,-1.30000142646677E-03,0,0
0.510416666666667,1,1.54826347408859E-03,-1.30000096367783E-03,0,0
0.489583333333333,1,1.48506925817509E-03,-1.30000096229777E-03,0,0
0.46875,1,1.42187524088327E-03,-1.30000142500916E-03,0,0
0.447916666666667,1,1.35868100707969E-03,-1.30000110841396E-03,0,0
0.427083333333333,1,1.29548639785234E-03,-1.30000030735119E-03,0,0
0.40625,1,1.23229152527019E-03,-1.29999957624194E-03,0,0
0.385416666666667,1,1.16909666018476E-03,-1.29999920432023E-03,0,0
0.364583333333333,1,1.1059019808688E-03,-1.29999935628135E-03,0,0
0.34375,1,1.0427076793091E-03,-1.2999998621081E-03,0,0
0.322916666666667,1,9.79513640558662E-04,-1.30000046549599E-03,0,0
0.302083333333333,1,9.16319715648302E-04,-1.30000082152035E-03,0,0
0.28125,1,8.53125492216169E-04,-1.30000070575265E-03,0,0
0.260416666666667,1,7.89930722898755E-04,-1.30000021743799E-03,0,0
0.239583333333333,1,7.26736075899163E-04,-1.30000066604418E-03,0,0
0.21875,1,6.63541745284528E-04,-1.30000029550716E-03,0,0
0.197916666666667,1,6.00347086462662E-04,-1.3000001991601E-03,0,0
0.177083333333333,1,5.37152353694185E-04,-1.30000038473121E-03,0,0
0.15625,1,4.73957751491716E-04,-1.30000063452297E-03,0,0
0.135416666666667,1,4.1076327758416E-04,-1.30000079411673E-03,0,0
0.114583333333333,1,3.47568869476068E-04,-1.30000077366039E-03,0,0
0.09375,1,2.84374344336972E-04,-1.30000063067278E-03,0,0
7.29166666666667E-02,1,2.21179659395376E-04,-1.30000052315345E-03,0,0
5.20833333333333E-02,1,1.57984816816248E-04,-1.30000061568043E-03,0,0
0.03125,1,9.4790171948209E-05,-1.30000105817512E-03,0,0
1.04166666666667E-02,1,3.1596104421968E-05,-1.30000150330789E-03,0,0
0,0.989583333333333,0,-1.28646050188821E-03,-99.9990621786027,0
0,0.96875,0,-1.25937763336008E-03,-100.001822040814,0
0,0.947916666666667,0,-1.23229384361475E-03,-100.001860264193,0
0,0.927083333333333,0,-1.20520954061631E-03,-100.000660677048,0
0,0.90625,0,-1.17812526142958E-03,-99.9990871466396,0
0,0.885416666666667,0,-1.15104140027143E-03,-99.9980179273716,0
0,0.864583333333333,0,-1.12395808940048E-03,-99.9977960907953,0
0,0.84375,0,-1.09687520276059E-03,-99.9986838327734,0
0,0.822916666666667,0,-1.06979244634682E-03,-100.000253101346,0
0,0.802083333333333,0,-1.04270949490698E-03,-100.001890553809,0
0,0.78125,0,-1.0156261344443E-03,-100.002480641151,0
0,0.760416666666667,0,-9.88542372282208E-04,-100.000750176371,0
0,0.739583333333333,0,-9.61457996699703E-04,-99.9993523868943,0
0,0.71875,0,-9.34373832456544E-04,-99.9996103474479,0
0,0.697916666666667,0,-9.0729071847067E-04,-99.9994641152515,0
0,0.677083333333333,0,-8.80208304171431E-04,-99.9995441068476,0
0,0.65625,0,-8.5312600649445E-04,-99.999877099802,0
0,0.635416666666667,0,-8.26043307716631E-04,-100.000208210597,0
0,0.614583333333333,0,-7.98959935484475E-04,-100.000522443267,0
0,0.59375,0,-7.71875931584207E-04,-100.000463740923,0
0,0.572916666666667,0,-7.44791620154526E-04,-100.000184821258,0
0,0.552083333333333,0,-7.17707489414133E-04,-99.9996810638075,0
0,0.53125,0,-6.90624003613218E-04,-99.9993524819395,0
0,0.510416666666667,0,-6.63541363896851E-04,-99.9997918039317,0
0,0.489583333333333,0,-6.36459234094466E-04,-99.999791080754,0
0,0.46875,0,-6.09376595260565E-04,-99.9993518313672,0
0,0.447916666666667,0,-5.82293111237905E-04,-99.9996805448819,0
0,0.427083333333333,0,-5.55208983198674E-04,-100.00018290296,0
0,0.40625,0,-5.28124675434353E-04,-100.000461970164,0
0,0.385416666666667,0,-5.01040676219851E-04,-100.000520851357,0
0,0.364583333333333,0,-4.739573097661E-04,-100.000205246636,0
0,0.34375,0,-4.46874617949193E-04,-99.9998742960049,0
0,0.322916666666667,0,-4.19792328525413E-04,-99.9995412408749,0
0,0.302083333333333,0,-3.92709923904758E-04,-99.9994597042712,0
0,0.28125,0,-3.65626821184297E-04,-99.9996059505414,0
0,0.260416666666667,0,-3.38542669990976E-04,-99.9993482960986,0
0,0.239583333333333,0,-3.11458309486748E-04,-100.000744499192,0
0,0.21875,0,-2.8437456475137E-04,-100.002475313218,0
0,0.197916666666667,0,-2.57291224481548E-04,-100.001884314322,0
0,0.177083333333333,0,-2.30208296590289E-04,-100.000246907734,0
0,0.15625,0,-2.03125567962456E-04,-99.9986769431578,0
0,0.135416666666667,0,-1.76042714759468E-04,-99.9977863450152,0
0,0.114583333333333,0,-1.48959445397502E-04,-99.9980092301388,0
0,0.09375,0,-1.21875638179338E-04,-99.9990725138081,0
0,7.29166666666667E-02,0,-9.47914333757399E-05,-100.000638873642,0
0,5.20833333333333E-02,0,-6.77072395483095E-05,-100.00183522389,0
0,0.03125,0,-4.06236167378082E-05,-100.001818209831,0
0,1.04166666666667E-02,0,-1.35410018836217E-05,-99.999283784025,0
