"領域ID","節点ID","X [m]","Y [m]","Z [m]"
"block",1,0,0,
"block",2,0.0625,0,
"block",3,0.03125,0,
"block",4,0.125,0,
"block",5,0.09375,0,
"block",6,0.1875,0,
"block",7,0.15625,0,
"block",8,0.25,0,
"block",9,0.21875,0,
"block",10,0.3125,0,
"block",11,0.28125,0,
"block",12,0.375,0,
"block",13,0.34375,0,
"block",14,0.4375,0,
"block",15,0.40625,0,
"block",16,0.5,0,
"block",17,0.46875,0,
"block",18,0.5625,0,
"block",19,0.53125,0,
"block",20,0.625,0,
"block",21,0.59375,0,
"block",22,0.6875,0,
"block",23,0.65625,0,
"block",24,0.75,0,
"block",25,0.71875,0,
"block",26,0.8125,0,
"block",27,0.78125,0,
"block",28,0.875,0,
"block",29,0.84375,0,
"block",30,0.9375,0,
"block",31,0.90625,0,
"block",32,1,0,
"block",33,0.96875,0,
"block",34,1,0.0625,
"block",35,1,0.03125,
"block",36,1,0.125,
"block",37,1,0.09375,
"block",38,1,0.1875,
"block",39,1,0.15625,
"block",40,1,0.25,
"block",41,1,0.21875,
"block",42,1,0.3125,
"block",43,1,0.28125,
"block",44,1,0.375,
"block",45,1,0.34375,
"block",46,1,0.4375,
"block",47,1,0.40625,
"block",48,1,0.5,
"block",49,1,0.46875,
"block",50,1,0.5625,
"block",51,1,0.53125,
"block",52,1,0.625,
"block",53,1,0.59375,
"block",54,1,0.6875,
"block",55,1,0.65625,
"block",56,1,0.75,
"block",57,1,0.71875,
"block",58,1,0.8125,
"block",59,1,0.78125,
"block",60,1,0.875,
"block",61,1,0.84375,
"block",62,1,0.9375,
"block",63,1,0.90625,
"block",64,1,1,
"block",65,1,0.96875,
"block",66,0.9375,1,
"block",67,0.96875,1,
"block",68,0.875,1,
"block",69,0.90625,1,
"block",70,0.8125,1,
"block",71,0.84375,1,
"block",72,0.75,1,
"block",73,0.78125,1,
"block",74,0.6875,1,
"block",75,0.71875,1,
"block",76,0.625,1,
"block",77,0.65625,1,
"block",78,0.5625,1,
"block",79,0.59375,1,
"block",80,0.5,1,
"block",81,0.53125,1,
"block",82,0.4375,1,
"block",83,0.46875,1,
"block",84,0.375,1,
"block",85,0.40625,1,
"block",86,0.3125,1,
"block",87,0.34375,1,
"block",88,0.25,1,
"block",89,0.28125,1,
"block",90,0.1875,1,
"block",91,0.21875,1,
"block",92,0.125,1,
"block",93,0.15625,1,
"block",94,0.0625,1,
"block",95,0.09375,1,
"block",96,0,1,
"block",97,0.03125,1,
"block",98,0,0.9375,
"block",99,0,0.96875,
"block",100,0,0.875,
"block",101,0,0.90625,
"block",102,0,0.8125,
"block",103,0,0.84375,
"block",104,0,0.75,
"block",105,0,0.78125,
"block",106,0,0.6875,
"block",107,0,0.71875,
"block",108,0,0.625,
"block",109,0,0.65625,
"block",110,0,0.5625,
"block",111,0,0.59375,
"block",112,0,0.5,
"block",113,0,0.53125,
"block",114,0,0.4375,
"block",115,0,0.46875,
"block",116,0,0.375,
"block",117,0,0.40625,
"block",118,0,0.3125,
"block",119,0,0.34375,
"block",120,0,0.25,
"block",121,0,0.28125,
"block",122,0,0.1875,
"block",123,0,0.21875,
"block",124,0,0.125,
"block",125,0,0.15625,
"block",126,0,0.0625,
"block",127,0,0.09375,
"block",128,0,0.03125,
