"領域ID","要素ID","境界名","次数","N1","N2","N3","N4","N5","N6","中心X [m]","中心Y [m]","中心Z [m]","法線X","法線Y","法線Z","長さ/面積","最大辺 [m]"
"block",1,"BOTTOM",2,1,3,2,,,,0.03125,0,,0,-1,,0.0625,0.0625
"block",2,"BOTTOM",2,2,5,4,,,,0.09375,0,,0,-1,,0.0625,0.0625
"block",3,"BOTTOM",2,4,7,6,,,,0.15625,0,,0,-1,,0.0625,0.0625
"block",4,"BOTTOM",2,6,9,8,,,,0.21875,0,,0,-1,,0.0625,0.0625
"block",5,"BOTTOM",2,8,11,10,,,,0.28125,0,,0,-1,,0.0625,0.0625
"block",6,"BOTTOM",2,10,13,12,,,,0.34375,0,,0,-1,,0.0625,0.0625
"block",7,"BOTTOM",2,12,15,14,,,,0.40625,0,,0,-1,,0.0625,0.0625
"block",8,"BOTTOM",2,14,17,16,,,,0.46875,0,,0,-1,,0.0625,0.0625
"block",9,"BOTTOM",2,16,19,18,,,,0.53125,0,,0,-1,,6.24999999999999E-02,0.0625
"block",10,"BOTTOM",2,18,21,20,,,,0.59375,0,,0,-1,,0.0625,0.0625
"block",11,"BOTTOM",2,20,23,22,,,,0.65625,0,,0,-1,,6.25000000000001E-02,0.0625
"block",12,"BOTTOM",2,22,25,24,,,,0.71875,0,,0,-1,,6.24999999999999E-02,0.0625
"block",13,"BOTTOM",2,24,27,26,,,,0.78125,0,,0,-1,,0.0625,0.0625
"block",14,"BOTTOM",2,26,29,28,,,,0.84375,0,,0,-1,,6.25000000000001E-02,0.0625
"block",15,"BOTTOM",2,28,31,30,,,,0.90625,0,,0,-1,,6.24999999999999E-02,0.0625
"block",16,"BOTTOM",2,30,33,32,,,,0.96875,0,,0,-1,,6.24999999999999E-02,0.0625
"block",17,"RIGHT",2,32,35,34,,,,1,0.03125,,1,0,,0.0625,0.0625
"block",18,"RIGHT",2,34,37,36,,,,1,0.09375,,1,0,,0.0625,0.0625
"block",19,"RIGHT",2,36,39,38,,,,1,0.15625,,1,0,,0.0625,0.0625
"block",20,"RIGHT",2,38,41,40,,,,1,0.21875,,1,0,,0.0625,0.0625
"block",21,"RIGHT",2,40,43,42,,,,1,0.28125,,1,0,,0.0625,0.0625
"block",22,"RIGHT",2,42,45,44,,,,1,0.34375,,1,0,,0.0625,0.0625
"block",23,"RIGHT",2,44,47,46,,,,1,0.40625,,1,0,,0.0625,0.0625
"block",24,"RIGHT",2,46,49,48,,,,1,0.46875,,1,0,,0.0625,0.0625
"block",25,"RIGHT",2,48,51,50,,,,1,0.53125,,1,0,,6.24999999999999E-02,0.0625
"block",26,"RIGHT",2,50,53,52,,,,1,0.59375,,1,0,,0.0625,0.0625
"block",27,"RIGHT",2,52,55,54,,,,1,0.65625,,1,0,,6.25000000000001E-02,0.0625
"block",28,"RIGHT",2,54,57,56,,,,1,0.71875,,1,0,,6.24999999999999E-02,0.0625
"block",29,"RIGHT",2,56,59,58,,,,1,0.78125,,1,0,,0.0625,0.0625
"block",30,"RIGHT",2,58,61,60,,,,1,0.84375,,1,0,,6.25000000000001E-02,0.0625
"block",31,"RIGHT",2,60,63,62,,,,1,0.90625,,1,0,,6.24999999999999E-02,0.0625
"block",32,"RIGHT",2,62,65,64,,,,1,0.96875,,1,0,,6.24999999999999E-02,0.0625
"block",33,"TOP",2,64,67,66,,,,0.96875,1,,0,1,,0.0625,0.0625
"block",34,"TOP",2,66,69,68,,,,0.90625,1,,0,1,,6.24999999999999E-02,0.0625
"block",35,"TOP",2,68,71,70,,,,0.84375,1,,0,1,,6.25000000000001E-02,0.0625
"block",36,"TOP",2,70,73,72,,,,0.78125,1,,0,1,,6.24999999999999E-02,0.0625
"block",37,"TOP",2,72,75,74,,,,0.71875,1,,0,1,,6.24999999999999E-02,0.0625
"block",38,"TOP",2,74,77,76,,,,0.65625,1,,0,1,,0.0625,0.0625
"block",39,"TOP",2,76,79,78,,,,0.59375,1,,0,1,,6.24999999999999E-02,0.0625
"block",40,"TOP",2,78,81,80,,,,0.53125,1,,0,1,,0.0625,0.0625
"block",41,"TOP",2,80,83,82,,,,0.46875,1,,0,1,,0.0625,0.0625
"block",42,"TOP",2,82,85,84,,,,0.40625,1,,0,1,,0.0625,0.0625
"block",43,"TOP",2,84,87,86,,,,0.34375,1,,0,1,,0.0625,0.0625
"block",44,"TOP",2,86,89,88,,,,0.28125,1,,0,1,,0.0625,0.0625
"block",45,"TOP",2,88,91,90,,,,0.21875,1,,0,1,,0.0625,0.0625
"block",46,"TOP",2,90,93,92,,,,0.15625,1,,0,1,,0.0625,0.0625
"block",47,"TOP",2,92,95,94,,,,0.09375,1,,0,1,,0.0625,0.0625
"block",48,"TOP",2,94,97,96,,,,0.03125,1,,0,1,,0.0625,0.0625
"block",49,"LEFT",2,96,99,98,,,,0,0.96875,,-1,0,,0.0625,0.0625
"block",50,"LEFT",2,98,101,100,,,,0,0.90625,,-1,0,,6.24999999999999E-02,0.0625
"block",51,"LEFT",2,100,103,102,,,,0,0.84375,,-1,0,,6.25000000000001E-02,0.0625
"block",52,"LEFT",2,102,105,104,,,,0,0.78125,,-1,0,,6.24999999999999E-02,0.0625
"block",53,"LEFT",2,104,107,106,,,,0,0.71875,,-1,0,,6.24999999999999E-02,0.0625
"block",54,"LEFT",2,106,109,108,,,,0,0.65625,,-1,0,,0.0625,0.0625
"block",55,"LEFT",2,108,111,110,,,,0,0.59375,,-1,0,,6.24999999999999E-02,0.0625
"block",56,"LEFT",2,110,113,112,,,,0,0.53125,,-1,0,,0.0625,0.0625
"block",57,"LEFT",2,112,115,114,,,,0,0.46875,,-1,0,,0.0625,0.0625
"block",58,"LEFT",2,114,117,116,,,,0,0.40625,,-1,0,,0.0625,0.0625
"block",59,"LEFT",2,116,119,118,,,,0,0.34375,,-1,0,,0.0625,0.0625
"block",60,"LEFT",2,118,121,120,,,,0,0.28125,,-1,0,,0.0625,0.0625
"block",61,"LEFT",2,120,123,122,,,,0,0.21875,,-1,0,,0.0625,0.0625
"block",62,"LEFT",2,122,125,124,,,,0,0.15625,,-1,0,,0.0625,0.0625
"block",63,"LEFT",2,124,127,126,,,,0,0.09375,,-1,0,,0.0625,0.0625
"block",64,"LEFT",2,126,128,1,,,,0,0.03125,,-1,0,,0.0625,0.0625
